use bowling;

INSERT INTO bowling.Ball (Color, Weight, Size) VALUES ('Black', 7, 2);
INSERT INTO bowling.Ball (Color, Weight, Size) VALUES ('Blue', 10, 3);
INSERT INTO bowling.Ball (Color, Weight, Size) VALUES ('Blue', 11, 3);
INSERT INTO bowling.Ball (Color, Weight, Size) VALUES ('Blue', 6, 2);
INSERT INTO bowling.Ball (Color, Weight, Size) VALUES ('Dark Blue', 12, 5);
INSERT INTO bowling.Ball (Color, Weight, Size) VALUES ('Pink', 15, 6);
INSERT INTO bowling.Ball (Color, Weight, Size) VALUES ('Pink', 17, 6);
INSERT INTO bowling.Ball (Color, Weight, Size) VALUES ('Pink', 12, 5);
INSERT INTO bowling.Ball (Color, Weight, Size) VALUES ('Pink', 5, 2);
INSERT INTO bowling.Ball (Color, Weight, Size) VALUES ('Polka Dot', 12, 3);
INSERT INTO bowling.Ball (Color, Weight, Size) VALUES ('Polka Dots', 20, 6);
INSERT INTO bowling.Ball (Color, Weight, Size) VALUES ('Purple', 8, 2);
INSERT INTO bowling.Ball (Color, Weight, Size) VALUES ('Purple', 17, 5);
INSERT INTO bowling.Ball (Color, Weight, Size) VALUES ('Purple', 10, 3);
INSERT INTO bowling.Ball (Color, Weight, Size) VALUES ('Purple', 10, 3);
INSERT INTO bowling.Ball (Color, Weight, Size) VALUES ('Red', 5, 1);
INSERT INTO bowling.Ball (Color, Weight, Size) VALUES ('Red', 7, 3);
INSERT INTO bowling.Ball (Color, Weight, Size) VALUES ('Red', 9, 4);
INSERT INTO bowling.Ball (Color, Weight, Size) VALUES ('White', 12, 5);
INSERT INTO bowling.Ball (Color, Weight, Size) VALUES ('Yellow', 10, 3);

INSERT INTO bowling.Players (Gender, Phone_Number, Date_Joined, Date_Of_Birth, Street_Address, City, State, Zip_Code, First_Name, Last_Name, Middle_Initial, Email, Password)
VALUES (2, '8328328322', null, '1993-10-27', '9611 Butterfly Ridge', 'Houston', 'TX', 77098, 'Robert', 'Vo', null, 'robert@robert.com', '$2y$10$4LkMrCGB4IcjrMxRtozB2OI7dfv04LVS1uf1OFbJyy1zDmd/CgbG.');
INSERT INTO bowling.Players (Gender, Phone_Number, Date_Joined, Date_Of_Birth, Street_Address, City, State, Zip_Code, First_Name, Last_Name, Middle_Initial, Email, Password)
VALUES (2, '9320241311', null, '1990-03-10', '9683 Josephs Street', 'Austin', 'TX', 78705, 'Joseph', 'Obeahon', null, 'joseph@joseph.com', '$2y$10$sAvEfUYrEgyjDtKIhoyZFO0XopFj0OGYX8cqQ0QvgBUeTFueAqN3q');
INSERT INTO bowling.Players (Gender, Phone_Number, Date_Joined, Date_Of_Birth, Street_Address, City, State, Zip_Code, First_Name, Last_Name, Middle_Initial, Email, Password)
VALUES (2, '9721231234', null, '1990-05-08', '1234 Dallas St', 'Dallas', 'TX', 75025, 'Michael', 'Pham', 'K', 'michael@michael.com', '$2y$10$gUhulnsjS4Fhq/8BAAyiJOW1HCYqahYSNhK7lppC3MVLLOx7tbU76');
INSERT INTO bowling.Players (Gender, Phone_Number, Date_Joined, Date_Of_Birth, Street_Address, City, State, Zip_Code, First_Name, Last_Name, Middle_Initial, Email, Password)
VALUES (2, '8329057311', null, '1997-07-16', '10101 Wills Way', 'San Antonio', 'TX', 77777, 'William', 'Nguyen', null, 'william@william.com', '$2y$10$TXJ1FobARzWRDFDOqJu3E.suICVX3eljY581QB/Pv3G0qZ3y4.F/u');
INSERT INTO bowling.Players (Gender, Phone_Number, Date_Joined, Date_Of_Birth, Street_Address, City, State, Zip_Code, First_Name, Last_Name, Middle_Initial, Email, Password)
VALUES (2, '71239395858', null, '2000-06-15', '2222 Calhoun Street', 'Houston', 'TX', 77007, 'Rolando', 'Rivera', null, 'rolando@rolando.com', '$2y$10$SZhDYVFgCOGCV42iKr.LAO0K/3BqFZyfwBDLRDvbYKtJGaZZF1bBq');
INSERT INTO bowling.Players (Gender, Phone_Number, Date_Joined, Date_Of_Birth, Street_Address, City, State, Zip_Code, First_Name, Last_Name, Middle_Initial, Email, Password)
VALUES (1, '8329449240', null, '1992-03-18', '4800 Calhoun Road', 'Houston', 'TX', 77004, 'Melinda', 'Cougar', 'U', 'uofh@cougar.com', '$2y$10$rtbBDISVt2PzWcJEGj8t.uWRtnw7rwhdI6zU4nS82OKdv4RDxx9iy');
INSERT INTO bowling.Players (Gender, Phone_Number, Date_Joined, Date_Of_Birth, Street_Address, City, State, Zip_Code, First_Name, Last_Name, Middle_Initial, Email, Password)
VALUES (1, '9720492949', null, '1980-07-22', '1234 Bowling Alley', 'New York', 'NY', 10001, 'Juan', 'Chavez', 1, 'bowlingisfun@notreally.com', '$2y$10$YK/5peAg3WeD3J3txeDIteLL1QzBh.Fgq.9d03lZpyHC9WU/2yjIa');
INSERT INTO bowling.Players (Gender, Phone_Number, Date_Joined, Date_Of_Birth, Street_Address, City, State, Zip_Code, First_Name, Last_Name, Middle_Initial, Email, Password)
VALUES (2, '2132132134', null, '1985-01-02', '5555 Hollywood Blvd', 'Los Angeles', 'CA', 90020, 'Adam', 'Smith', 'V', 'adam@smith.com', '$2y$10$DCjT/q0VV4ZXjGZNFZIYreh7tlu3U74K2xwLQArQs5zADUttnlIEW');
INSERT INTO bowling.Players (Gender, Phone_Number, Date_Joined, Date_Of_Birth, Street_Address, City, State, Zip_Code, First_Name, Last_Name, Middle_Initial, Email, Password)
VALUES (2, '8325723869', null, '1972-12-28', '4321 Landing Way', 'Houston', 'TX', 77009, 'Robert', 'Nguyen', 'T', 'robertnguyen@gmail.com', '$2y$10$DL5ObbTmoqVVvvQnTrrgm.LM.6mgyD.tm.Fdio8nNREncMLFcyH1G');
INSERT INTO bowling.Players (Gender, Phone_Number, Date_Joined, Date_Of_Birth, Street_Address, City, State, Zip_Code, First_Name, Last_Name, Middle_Initial, Email, Password)
VALUES (1, '7133333333', null, '1972-06-07', '4820 Calhoun Road', 'Houston', 'TX', 77004, 'Renu', 'Khator', null, 'uhpres@uh.edu', '$2y$10$0A8CglU54BYf/1gv9Ks3oeP6yh59MazvKY4wQ/u/ooWYhAy7FmOB6');
INSERT INTO bowling.Players (Gender, Phone_Number, Date_Joined, Date_Of_Birth, Street_Address, City, State, Zip_Code, First_Name, Last_Name, Middle_Initial, Email, Password)
VALUES (2, '3031234567', null, '1966-09-12', '1 Chipotle Way', 'Denver', 'CO', 80123, 'Steve', 'Ells', null, 'ilovechipotle@gmail.com', '$2y$10$y3EkK22sgaxOOFBNyLWlZuOBjipnQ5o1Jx/YT9.be5.DPXmlk5Cpi');
INSERT INTO bowling.Players (Gender, Phone_Number, Date_Joined, Date_Of_Birth, Street_Address, City, State, Zip_Code, First_Name, Last_Name, Middle_Initial, Email, Password)
VALUES (2, '6761468395', null, '2002-07-12', '1 Infinite Loop', 'Cupertino', 'CA', 95014, 'Steve', 'Jobs', null, 'awesomeboy@hotmail.com', '$2y$10$jFGJWtsBy5k9YQceQ2V9NOXm2Mnep/VJUH.ciHb3ux1orYkq6mP6e');
INSERT INTO bowling.Players (Gender, Phone_Number, Date_Joined, Date_Of_Birth, Street_Address, City, State, Zip_Code, First_Name, Last_Name, Middle_Initial, Email, Password)
VALUES (2, '7138684926', null, '1991-07-18', '123 Main Street', 'Fort Worth', 'TX', 75022, 'Billy', 'Smith', 'P', 'billysmith@gmail.com', '$2y$10$5haS5LjPXDxyfmv03MlQteTfDIvjvcFOQPAhmSgxAgVv9DROesEZ6');
INSERT INTO bowling.Players (Gender, Phone_Number, Date_Joined, Date_Of_Birth, Street_Address, City, State, Zip_Code, First_Name, Last_Name, Middle_Initial, Email, Password)
VALUES (2, '9721111111', null, '1940-05-08', '1 AT&T Way', 'Arlington', 'TX', 76011, 'Jerry', 'Jones', null, 'jerrys@world.com', '$2y$10$PXxAz9rPrkWc754alJBZd.6HUhziTWCDGkxfK6ZI3XAzhNhcT.s1O');
INSERT INTO bowling.Players (Gender, Phone_Number, Date_Joined, Date_Of_Birth, Street_Address, City, State, Zip_Code, First_Name, Last_Name, Middle_Initial, Email, Password)
VALUES (2, '832968175', null, '1997-11-27', '4200 Calhoun Rd. Apt #416', 'Houston', 'TX', 77024, 'Randall', 'Nguyen', null, 'randallnguyen@outlook.com', '$2y$10$HXIDgwANP/gCf93egfYmc.qHM7BYod4SCIma.KhKsx4TgFPRbZs4G');
INSERT INTO bowling.Players (Gender, Phone_Number, Date_Joined, Date_Of_Birth, Street_Address, City, State, Zip_Code, First_Name, Last_Name, Middle_Initial, Email, Password)
VALUES (2, '2139685746', null, '2000-09-20', '1212 Riverstone Lane', 'Houston', 'TX', 77089, 'Peter', 'Travison', null, 'peteriscool@gmail.com', '$2y$10$wNiEfkxZ1w7RdE4BhWST2.H9JY8agskW9ZVx/43Y5XZB9rc7EkVg2');
INSERT INTO bowling.Players (Gender, Phone_Number, Date_Joined, Date_Of_Birth, Street_Address, City, State, Zip_Code, First_Name, Last_Name, Middle_Initial, Email, Password)
VALUES (1, '8329449595', null, '1994-02-14', '10001 Beamer Rd', 'Houston', 'TX', 77089, 'Elizabeth', 'Johnson', 'T', 'elizabeth94@gmail.com', '$2y$10$T25pQqORwPf/RfWUNSgK4OoNrfKP4jIcZe3R3qsIE.ymSxlbzRAom');
INSERT INTO bowling.Players (Gender, Phone_Number, Date_Joined, Date_Of_Birth, Street_Address, City, State, Zip_Code, First_Name, Last_Name, Middle_Initial, Email, Password)
VALUES (2, '2022022020', null, '1995-11-27', '1 Nye Road', 'Seattle', 'WA', 98101, 'Bill', 'Nye', null, 'bill@nye.com', '$2y$10$5ZnDyJ0TWVQBNiYSGlG6nen64HM.pDehfJheE8Ixit8J9GOHQCzuq');
INSERT INTO bowling.Players (Gender, Phone_Number, Date_Joined, Date_Of_Birth, Street_Address, City, State, Zip_Code, First_Name, Last_Name, Middle_Initial, Email, Password)
VALUES (1, '8322732737', null, '1994-03-19', '2300 Austin Road', 'Austin', 'TX', 78705, 'Carol', 'Mills', 1, 'carolmills@gmail.com', '$2y$10$YDIxtb57JwnIqC6r.YkBS.bJmMJjbuS4OmGu28KMGECTi0X4UgmaO');
INSERT INTO bowling.Players (Gender, Phone_Number, Date_Joined, Date_Of_Birth, Street_Address, City, State, Zip_Code, First_Name, Last_Name, Middle_Initial, Email, Password)
VALUES (1, '2718583949', null, '1983-03-19', '1 BCM Road', 'Houston', 'TX', 77003, 'Sheila', 'Turner', 1, 'sheilaturner@gmail.com', '$2y$10$/XopsBwMNYa8pL.50xpTU.gPuvBvA6Tm2ojUOHb52u0ZSqmPQ54Ma');
INSERT INTO bowling.Players (Gender, Phone_Number, Date_Joined, Date_Of_Birth, Street_Address, City, State, Zip_Code, First_Name, Last_Name, Middle_Initial, Email, Password, Is_Admin)
VALUES (1, '1234567890', null, '1970-01-01', '1 Corporate Bowling', 'Chicago', 'IL', 60290, 'Admin', 'Admin', 'A', 'admin@admin.admin', '$2y$10$sEKgeWf/U9exlqdpUOeUc.jQSTbuTTEFQni3UctrmCv01jq2byCX.', 1);

INSERT INTO bowling.Players (Gender, Phone_Number, Date_Joined, Date_Of_Birth, Street_Address, City, State, Zip_Code, First_Name, Last_Name, Middle_Initial, Email, Password, Is_Admin)
VALUES (1, '1234567890', null, '1970-01-01', '1 Corporate Bowling', 'Chicago', 'IL', 60290, 'Admin', 'Admin', 'A', 'robert.vo@outlook.com', '$2y$10$uiyTPJ882yXWy8F98/L9dexriQw5diCDIbI9pYd8OvDQ2u5NNuigy', 1);


INSERT INTO bowling.Player_Stats (Player_ID, Strikes, Games_Played, Perfect_Games, Spares, Best_Score, Worst_Score, Pins_Left, Average_Pin_Left) VALUES (1, 4, 10, 1, 17, 300, 25, 1420, 2.333);
INSERT INTO bowling.Player_Stats (Player_ID, Strikes, Games_Played, Perfect_Games, Spares, Best_Score, Worst_Score, Pins_Left, Average_Pin_Left) VALUES (2, 5, 15, 0, 18, 245, 21, 1235, 4.55);
INSERT INTO bowling.Player_Stats (Player_ID, Strikes, Games_Played, Perfect_Games, Spares, Best_Score, Worst_Score, Pins_Left, Average_Pin_Left) VALUES (3, 6, 23, 0, 9, 200, 23, 1231, 4.2);
INSERT INTO bowling.Player_Stats (Player_ID, Strikes, Games_Played, Perfect_Games, Spares, Best_Score, Worst_Score, Pins_Left, Average_Pin_Left) VALUES (4, 8, 12, 0, 10, 157, 25, 1952, 6.2);
INSERT INTO bowling.Player_Stats (Player_ID, Strikes, Games_Played, Perfect_Games, Spares, Best_Score, Worst_Score, Pins_Left, Average_Pin_Left) VALUES (5, 2, 14, 0, 6, 162, 24, 1235, 4.2);
INSERT INTO bowling.Player_Stats (Player_ID, Strikes, Games_Played, Perfect_Games, Spares, Best_Score, Worst_Score, Pins_Left, Average_Pin_Left) VALUES (6, 5, 20, 0, 7, 122, 21, 1462, 4.1111);
INSERT INTO bowling.Player_Stats (Player_ID, Strikes, Games_Played, Perfect_Games, Spares, Best_Score, Worst_Score, Pins_Left, Average_Pin_Left) VALUES (7, 6, 10, 0, 8, 132, 20, 1423, 4.33);
INSERT INTO bowling.Player_Stats (Player_ID, Strikes, Games_Played, Perfect_Games, Spares, Best_Score, Worst_Score, Pins_Left, Average_Pin_Left) VALUES (8, 7, 20, 0, 9, 167, 22, 1251, 4.77);
INSERT INTO bowling.Player_Stats (Player_ID, Strikes, Games_Played, Perfect_Games, Spares, Best_Score, Worst_Score, Pins_Left, Average_Pin_Left) VALUES (9, 2, 12, 0, 10, 185, 28, 2132, 6.22);
INSERT INTO bowling.Player_Stats (Player_ID, Strikes, Games_Played, Perfect_Games, Spares, Best_Score, Worst_Score, Pins_Left, Average_Pin_Left) VALUES (10, 3, 6, 0, 6, 211, 30, 2145, 5.234);
INSERT INTO bowling.Player_Stats (Player_ID, Strikes, Games_Played, Perfect_Games, Spares, Best_Score, Worst_Score, Pins_Left, Average_Pin_Left) VALUES (11, 5, 4, 0, 8, 200, 29, 2121, 6.232);
INSERT INTO bowling.Player_Stats (Player_ID, Strikes, Games_Played, Perfect_Games, Spares, Best_Score, Worst_Score, Pins_Left, Average_Pin_Left) VALUES (12, 4, 8, 0, 12, 240, 35, 2300, 5.99);
INSERT INTO bowling.Player_Stats (Player_ID, Strikes, Games_Played, Perfect_Games, Spares, Best_Score, Worst_Score, Pins_Left, Average_Pin_Left) VALUES (13, 6, 5, 0, 9, 230, 32, 1523, 4.23);
INSERT INTO bowling.Player_Stats (Player_ID, Strikes, Games_Played, Perfect_Games, Spares, Best_Score, Worst_Score, Pins_Left, Average_Pin_Left) VALUES (14, 8, 6, 0, 11, 241, 36, 1244, 3.542);
INSERT INTO bowling.Player_Stats (Player_ID, Strikes, Games_Played, Perfect_Games, Spares, Best_Score, Worst_Score, Pins_Left, Average_Pin_Left) VALUES (15, 9, 9, 0, 17, 230, 34, 1233, 4.222);
INSERT INTO bowling.Player_Stats (Player_ID, Strikes, Games_Played, Perfect_Games, Spares, Best_Score, Worst_Score, Pins_Left, Average_Pin_Left) VALUES (16, 5, 8, 0, 20, 146, 38, 1111, 2.6666);
INSERT INTO bowling.Player_Stats (Player_ID, Strikes, Games_Played, Perfect_Games, Spares, Best_Score, Worst_Score, Pins_Left, Average_Pin_Left) VALUES (17, 1, 7, 0, 18, 142, 40, 1023, 1.99);
INSERT INTO bowling.Player_Stats (Player_ID, Strikes, Games_Played, Perfect_Games, Spares, Best_Score, Worst_Score, Pins_Left, Average_Pin_Left) VALUES (18, 3, 5, 0, 13, 133, 32, 1200, 2.5);
INSERT INTO bowling.Player_Stats (Player_ID, Strikes, Games_Played, Perfect_Games, Spares, Best_Score, Worst_Score, Pins_Left, Average_Pin_Left) VALUES (19, 7, 19, 0, 15, 175, 40, 1542, 2.67);
INSERT INTO bowling.Player_Stats (Player_ID, Strikes, Games_Played, Perfect_Games, Spares, Best_Score, Worst_Score, Pins_Left, Average_Pin_Left) VALUES (20, 5, 15, 0, 15, 188, 10, 1562, 2.6667);

INSERT INTO bowling.Team (Name, Leader, Game_Count, Win_Count, Player_1, Player_2, Player_3, Player_4, Player_5)
                  VALUES ('The Bowling Maniacs', 1, 10, 2, 2, 3, 4, 5, 6);
INSERT INTO bowling.Team (Name, Leader, Game_Count, Win_Count, Player_1, Player_2, Player_3, Player_4, Player_5)
                  VALUES ('Lone Warrior', 18, 18, 12, null, null, null, null, null);
INSERT INTO bowling.Team (Name, Leader, Game_Count, Win_Count, Player_1, Player_2, Player_3, Player_4, Player_5)
                  VALUES ('Texas Fans', 3, 4, 3, 4, 20, 19, null, null);
INSERT INTO bowling.Team (Name, Leader, Game_Count, Win_Count, Player_1, Player_2, Player_3, Player_4, Player_5)
                  VALUES ('Houston Cougar Lovers', 9, 7, 5, 10, 15, null, null, null);
INSERT INTO bowling.Team (Name, Leader, Game_Count, Win_Count, Player_1, Player_2, Player_3, Player_4, Player_5)
                  VALUES ('Generic Team #1', 14, 2, 0, 15, 8, 4, 2, null);
INSERT INTO bowling.Team (Name, Leader, Game_Count, Win_Count, Player_1, Player_2, Player_3, Player_4, Player_5)
                  VALUES ('Dallas Boys', 13, 3, 2, 3, null, null, null, null);
INSERT INTO bowling.Team (Name, Leader, Game_Count, Win_Count, Player_1, Player_2, Player_3, Player_4, Player_5)
                  VALUES ('Perfect Games All Day', 17, 10, 10, 13, 1, 4, 9, 11);
INSERT INTO bowling.Team (Name, Leader, Game_Count, Win_Count, Player_1, Player_2, Player_3, Player_4, Player_5)
                  VALUES ('Red Box', 12, 2, 1, 1, 7, 14, 19, 11);
INSERT INTO bowling.Team (Name, Leader, Game_Count, Win_Count, Player_1, Player_2, Player_3, Player_4, Player_5)
                  VALUES ('Crusher', 5, 10, 4, 3, 8, 12, 16, 14);
INSERT INTO bowling.Team (Name, Leader, Game_Count, Win_Count, Player_1, Player_2, Player_3, Player_4, Player_5)
                  VALUES ('I Love Bowling', 11, 12, 6, 6, 13, 14, 15, 18);
INSERT INTO bowling.Team (Name, Leader, Game_Count, Win_Count, Player_1, Player_2, Player_3, Player_4, Player_5)
                  VALUES ('Final Four', 15, 4, 4, 16, 17, 18, null, null);
INSERT INTO bowling.Team (Name, Leader, Game_Count, Win_Count, Player_1, Player_2, Player_3, Player_4, Player_5)
                  VALUES ('We Are The Champions', 19, 4, 2, 1, 8, 3, 5, null);
INSERT INTO bowling.Team (Name, Leader, Game_Count, Win_Count, Player_1, Player_2, Player_3, Player_4, Player_5)
                  VALUES ('Apple Fans', 19, 12, 0, 2, 6, 18, 11, 5);
INSERT INTO bowling.Team (Name, Leader, Game_Count, Win_Count, Player_1, Player_2, Player_3, Player_4, Player_5)
                  VALUES ('Database Masters', 7, 7, 0, 3, 12, 11, 17, 10);
INSERT INTO bowling.Team (Name, Leader, Game_Count, Win_Count, Player_1, Player_2, Player_3, Player_4, Player_5)
                  VALUES ('Lucky 7s', 7, 7, 2, 17, null, null, null, null);
INSERT INTO bowling.Team (Name, Leader, Game_Count, Win_Count, Player_1, Player_2, Player_3, Player_4, Player_5)
                  VALUES ('Casual Bowlers', 8, 21, 6, 9, 13, 12, 11, null);
INSERT INTO bowling.Team (Name, Leader, Game_Count, Win_Count, Player_1, Player_2, Player_3, Player_4, Player_5)
                  VALUES ('Houston Rockets', 2, 12, 9, 10, 19, 20, 14, 11);
INSERT INTO bowling.Team (Name, Leader, Game_Count, Win_Count, Player_1, Player_2, Player_3, Player_4, Player_5)
                  VALUES ('Katy Bowlers', 6, 15, 7, 9, 11, 14, 2, 10);
INSERT INTO bowling.Team (Name, Leader, Game_Count, Win_Count, Player_1, Player_2, Player_3, Player_4, Player_5)
                  VALUES ('Perfect Guys', 2, 11, 11, 8, 9, 18, 12, 1);

INSERT INTO bowling.Game_Location (Game_Address, Game_Location_Name) VALUES ('925 Bunker Hill Rd, Houston, TX 77024', 'Houston Bowling Alley');
INSERT INTO bowling.Game_Location (Game_Address, Game_Location_Name) VALUES ('1201 San Jacinto Street, Houston, TX, 77002', 'Lucky Strike Bowling Lane');
INSERT INTO bowling.Game_Location (Game_Address, Game_Location_Name) VALUES ('2118 Goliad Rd, San Antonio, TX 78223', 'San Antonio Bowling Alley');
INSERT INTO bowling.Game_Location (Game_Address, Game_Location_Name) VALUES ('4100 University Dr, Houston, TX 77004', 'University of Houston Game Rooms');
INSERT INTO bowling.Game_Location (Game_Address, Game_Location_Name) VALUES ('19936 Saums Rd, Katy, TX 77449', 'Katy Bowling Alley');
INSERT INTO bowling.Game_Location (Game_Address, Game_Location_Name) VALUES ('5700 Grover Ave, Austin, TX 78756', 'Austin Bowling Alley');
INSERT INTO bowling.Game_Location (Game_Address, Game_Location_Name) VALUES ('Reliant Pkwy Houston, TX 77054', 'NRG Stadium Complex 1');

INSERT INTO bowling.Game (Teams, Winner_Team_ID, Title, Location_ID, Event_Type, Game_Finished) VALUES ('1,2,3,4,5', null, 'Casual Games', 1, 1, 0);
INSERT INTO bowling.Game (Teams, Winner_Team_ID, Title, Location_ID, Event_Type, Game_Finished) VALUES ('14,16,15,19', 14, 'Casual Games', 1, 2, 1);
INSERT INTO bowling.Game (Teams, Winner_Team_ID, Title, Location_ID, Event_Type, Game_Finished) VALUES ('13,12,14,2,5', 5, 'Half off Tuesdays', 1, 1, 1);
INSERT INTO bowling.Game (Teams, Winner_Team_ID, Title, Location_ID, Event_Type, Game_Finished) VALUES ('15,1,5,18,13', 1, 'Half off Tuesdays', 6, 1, 1);
INSERT INTO bowling.Game (Teams, Winner_Team_ID, Title, Location_ID, Event_Type, Game_Finished) VALUES ('10,17,1,16,9', 9, 'Student Thursdays', 1, 1, 1);
INSERT INTO bowling.Game (Teams, Winner_Team_ID, Title, Location_ID, Event_Type, Game_Finished) VALUES ('18,7,17,19,5', 18, 'Student Thursdays', 1, 1, 1);
INSERT INTO bowling.Game (Teams, Winner_Team_ID, Title, Location_ID, Event_Type, Game_Finished) VALUES ('7,16,3,13,5', 3, 'Freaky Fridays', 2, 1, 1);
INSERT INTO bowling.Game (Teams, Winner_Team_ID, Title, Location_ID, Event_Type, Game_Finished) VALUES ('4,2,9,8,16', 9, 'Freaky Fridays', 2, 1, 1);
INSERT INTO bowling.Game (Teams, Winner_Team_ID, Title, Location_ID, Event_Type, Game_Finished) VALUES ('5,18,14,2,19', 2, '$100 Prize Tournament', 3, 2, 1);
INSERT INTO bowling.Game (Teams, Winner_Team_ID, Title, Location_ID, Event_Type, Game_Finished) VALUES ('12,14,15,2', 12, 'UofH Tournament Qualifier', 4, 2, 1);
INSERT INTO bowling.Game (Teams, Winner_Team_ID, Title, Location_ID, Event_Type, Game_Finished) VALUES ('3,5', 5, 'UofH Tournament Qualifier', 4, 2, 1);
INSERT INTO bowling.Game (Teams, Winner_Team_ID, Title, Location_ID, Event_Type, Game_Finished) VALUES ('7,8', 7, 'UofH Tournament Qualifier', 4, 2, 1);
INSERT INTO bowling.Game (Teams, Winner_Team_ID, Title, Location_ID, Event_Type, Game_Finished) VALUES ('14,2', 14, 'UofH Tournament Qualifier', 4, 2, 1);
INSERT INTO bowling.Game (Teams, Winner_Team_ID, Title, Location_ID, Event_Type, Game_Finished) VALUES ('12,5', 5, 'UofH Bowling Tournament', 4, 2, 1);
INSERT INTO bowling.Game (Teams, Winner_Team_ID, Title, Location_ID, Event_Type, Game_Finished) VALUES ('7,14', 7, 'UofH Bowling Tournament', 4, 2, 1);
INSERT INTO bowling.Game (Teams, Winner_Team_ID, Title, Location_ID, Event_Type, Game_Finished) VALUES ('5,7', 5, 'UofH Bowling Championship', 4, 2, 1);
INSERT INTO bowling.Game (Teams, Winner_Team_ID, Title, Location_ID, Event_Type, Game_Finished) VALUES ('6,16,3,10,17,5,18', 6, 'Student Thursdays', 1, 1, 1);
INSERT INTO bowling.Game (Teams, Winner_Team_ID, Title, Location_ID, Event_Type, Game_Finished) VALUES ('1,5,18,13,8,7,12', 12, 'Just Another Game', 5, 1, 1);
INSERT INTO bowling.Game (Teams, Winner_Team_ID, Title, Location_ID, Event_Type, Game_Finished) VALUES ('18,6,5', null, 'Just Another Game', 5, 1, 0);
INSERT INTO bowling.Game (Teams, Winner_Team_ID, Title, Location_ID, Event_Type, Game_Finished) VALUES ('7,12,16', 16, 'Just Another Game', 5, 1, 1);
INSERT INTO bowling.Game (Teams, Winner_Team_ID, Title, Location_ID, Event_Type, Game_Finished) VALUES ('3,17,8,16,15', 3, 'Developer Bowling Meetup', 2, 1, 1);
INSERT INTO bowling.Game (Teams, Winner_Team_ID, Title, Location_ID, Event_Type, Game_Finished) VALUES ('2,8,15,3,10', 8, 'Texans Fans Showcase', 7, 1, 1);
INSERT INTO bowling.Game (Teams, Winner_Team_ID, Title, Location_ID, Event_Type, Game_Finished) VALUES ('8,17,14,13,4', 13, 'Texans Fans Showcase', 7, 1, 1);
INSERT INTO bowling.Game (Teams, Winner_Team_ID, Title, Location_ID, Event_Type, Game_Finished) VALUES ('14,18,19,6,2', 19, 'Freaky Fridays', 2, 1, 1);
INSERT INTO bowling.Game (Teams, Winner_Team_ID, Title, Location_ID, Event_Type, Game_Finished) VALUES ('17,8,12,10', 12, 'UofH Employees Tournament', 4, 2, 1);


INSERT INTO bowling.Frame (Frame_Number, Player_ID, Roll_One_ID, Roll_Two_ID, Roll_Three_ID, Score, Team_ID, Game_ID) VALUES (1, 1, 1, 2, null, 3, 1, 1);
INSERT INTO bowling.Frame (Frame_Number, Player_ID, Roll_One_ID, Roll_Two_ID, Roll_Three_ID, Score, Team_ID, Game_ID) VALUES (2, 1, 3, 4, null, 10, 1, 1);
INSERT INTO bowling.Frame (Frame_Number, Player_ID, Roll_One_ID, Roll_Two_ID, Roll_Three_ID, Score, Team_ID, Game_ID) VALUES (3, 1, 5, 6, null, 8, 1, 1);
INSERT INTO bowling.Frame (Frame_Number, Player_ID, Roll_One_ID, Roll_Two_ID, Roll_Three_ID, Score, Team_ID, Game_ID) VALUES (4, 1, 7, 8, null, 4, 1, 1);
INSERT INTO bowling.Frame (Frame_Number, Player_ID, Roll_One_ID, Roll_Two_ID, Roll_Three_ID, Score, Team_ID, Game_ID) VALUES (5, 1, 9, null, null, 10, 1, 1);
INSERT INTO bowling.Frame (Frame_Number, Player_ID, Roll_One_ID, Roll_Two_ID, Roll_Three_ID, Score, Team_ID, Game_ID) VALUES (6, 1, 10, 11, null, 1, 1, 1);
INSERT INTO bowling.Frame (Frame_Number, Player_ID, Roll_One_ID, Roll_Two_ID, Roll_Three_ID, Score, Team_ID, Game_ID) VALUES (7, 1, 12, 13, null, 0, 1, 1);
INSERT INTO bowling.Frame (Frame_Number, Player_ID, Roll_One_ID, Roll_Two_ID, Roll_Three_ID, Score, Team_ID, Game_ID) VALUES (8, 1, 14, 15, null, 9, 1, 1);
INSERT INTO bowling.Frame (Frame_Number, Player_ID, Roll_One_ID, Roll_Two_ID, Roll_Three_ID, Score, Team_ID, Game_ID) VALUES (9, 1, 16, null, null, 10, 1, 1);
INSERT INTO bowling.Frame (Frame_Number, Player_ID, Roll_One_ID, Roll_Two_ID, Roll_Three_ID, Score, Team_ID, Game_ID) VALUES (10, 1, 17, 18, 19, 30, 1, 1);
INSERT INTO bowling.Frame (Frame_Number, Player_ID, Roll_One_ID, Roll_Two_ID, Roll_Three_ID, Score, Team_ID, Game_ID) VALUES (1, 2, 20, 21, null, 4, 1, 1);
INSERT INTO bowling.Frame (Frame_Number, Player_ID, Roll_One_ID, Roll_Two_ID, Roll_Three_ID, Score, Team_ID, Game_ID) VALUES (2, 2, 22, 23, null, 0, 1, 1);
INSERT INTO bowling.Frame (Frame_Number, Player_ID, Roll_One_ID, Roll_Two_ID, Roll_Three_ID, Score, Team_ID, Game_ID) VALUES (3, 2, 24, 25, null, 0, 1, 1);
INSERT INTO bowling.Frame (Frame_Number, Player_ID, Roll_One_ID, Roll_Two_ID, Roll_Three_ID, Score, Team_ID, Game_ID) VALUES (4, 2, 26, 27, null, 0, 1, 1);
INSERT INTO bowling.Frame (Frame_Number, Player_ID, Roll_One_ID, Roll_Two_ID, Roll_Three_ID, Score, Team_ID, Game_ID) VALUES (5, 2, 28, 29, null, 0, 1, 1);
INSERT INTO bowling.Frame (Frame_Number, Player_ID, Roll_One_ID, Roll_Two_ID, Roll_Three_ID, Score, Team_ID, Game_ID) VALUES (6, 2, 30, 31, null, 0, 1, 1);
INSERT INTO bowling.Frame (Frame_Number, Player_ID, Roll_One_ID, Roll_Two_ID, Roll_Three_ID, Score, Team_ID, Game_ID) VALUES (7, 2, 32, 33, null, 0, 1, 1);
INSERT INTO bowling.Frame (Frame_Number, Player_ID, Roll_One_ID, Roll_Two_ID, Roll_Three_ID, Score, Team_ID, Game_ID) VALUES (8, 2, 34, 35, null, 0, 1, 1);
INSERT INTO bowling.Frame (Frame_Number, Player_ID, Roll_One_ID, Roll_Two_ID, Roll_Three_ID, Score, Team_ID, Game_ID) VALUES (9, 2, 36, 37, null, 0, 1, 1);
INSERT INTO bowling.Frame (Frame_Number, Player_ID, Roll_One_ID, Roll_Two_ID, Roll_Three_ID, Score, Team_ID, Game_ID) VALUES (10, 2, 38, 39, 40, 0, 1, 1);
INSERT INTO bowling.Frame (Frame_Number, Player_ID, Roll_One_ID, Roll_Two_ID, Roll_Three_ID, Score, Team_ID, Game_ID) VALUES (1, 3, 41, 42, null, 10, 1, 1);
INSERT INTO bowling.Frame (Frame_Number, Player_ID, Roll_One_ID, Roll_Two_ID, Roll_Three_ID, Score, Team_ID, Game_ID) VALUES (2, 3, 43, 44, null, 10, 1, 1);
INSERT INTO bowling.Frame (Frame_Number, Player_ID, Roll_One_ID, Roll_Two_ID, Roll_Three_ID, Score, Team_ID, Game_ID) VALUES (3, 3, 45, 46, null, 10, 1, 1);
INSERT INTO bowling.Frame (Frame_Number, Player_ID, Roll_One_ID, Roll_Two_ID, Roll_Three_ID, Score, Team_ID, Game_ID) VALUES (4, 3, 47, 48, null, 2, 1, 1);
INSERT INTO bowling.Frame (Frame_Number, Player_ID, Roll_One_ID, Roll_Two_ID, Roll_Three_ID, Score, Team_ID, Game_ID) VALUES (5, 3, 49, 50, null, 4, 1, 1);
INSERT INTO bowling.Frame (Frame_Number, Player_ID, Roll_One_ID, Roll_Two_ID, Roll_Three_ID, Score, Team_ID, Game_ID) VALUES (6, 3, 51, 52, null, 6, 1, 1);
INSERT INTO bowling.Frame (Frame_Number, Player_ID, Roll_One_ID, Roll_Two_ID, Roll_Three_ID, Score, Team_ID, Game_ID) VALUES (7, 3, 53, 54, null, 2, 1, 1);
INSERT INTO bowling.Frame (Frame_Number, Player_ID, Roll_One_ID, Roll_Two_ID, Roll_Three_ID, Score, Team_ID, Game_ID) VALUES (8, 3, 55, 56, null, 4, 1, 1);
INSERT INTO bowling.Frame (Frame_Number, Player_ID, Roll_One_ID, Roll_Two_ID, Roll_Three_ID, Score, Team_ID, Game_ID) VALUES (9, 3, 57, 58, null, 7, 1, 1);
INSERT INTO bowling.Frame (Frame_Number, Player_ID, Roll_One_ID, Roll_Two_ID, Roll_Three_ID, Score, Team_ID, Game_ID) VALUES (10, 3, 59, 60, 61, 12, 1, 1);

INSERT INTO bowling.Roll (Frame_ID, Ball_ID, Is_Strike, Is_Spare, Is_Foul, Hit_Pin_1, Hit_Pin_2, Hit_Pin_3, Hit_Pin_4, Hit_Pin_5, Hit_Pin_6, Hit_Pin_7, Hit_Pin_8, Hit_Pin_9, Hit_Pin_10) VALUES (1, 5, 0, 0, 0, 0, 0, 0, 0, 0, 0, 0, 0, 0, 0);
INSERT INTO bowling.Roll (Frame_ID, Ball_ID, Is_Strike, Is_Spare, Is_Foul, Hit_Pin_1, Hit_Pin_2, Hit_Pin_3, Hit_Pin_4, Hit_Pin_5, Hit_Pin_6, Hit_Pin_7, Hit_Pin_8, Hit_Pin_9, Hit_Pin_10) VALUES (1, 7, 0, 0, 0, 0, 0, 0, 0, 0, 0, 0, 0, 0, 0);
INSERT INTO bowling.Roll (Frame_ID, Ball_ID, Is_Strike, Is_Spare, Is_Foul, Hit_Pin_1, Hit_Pin_2, Hit_Pin_3, Hit_Pin_4, Hit_Pin_5, Hit_Pin_6, Hit_Pin_7, Hit_Pin_8, Hit_Pin_9, Hit_Pin_10) VALUES (2, 3, 0, 0, 0, 0, 0, 0, 0, 0, 0, 0, 0, 0, 0);
INSERT INTO bowling.Roll (Frame_ID, Ball_ID, Is_Strike, Is_Spare, Is_Foul, Hit_Pin_1, Hit_Pin_2, Hit_Pin_3, Hit_Pin_4, Hit_Pin_5, Hit_Pin_6, Hit_Pin_7, Hit_Pin_8, Hit_Pin_9, Hit_Pin_10) VALUES (2, 4, 0, 0, 0, 0, 0, 0, 0, 0, 0, 0, 0, 0, 0);
INSERT INTO bowling.Roll (Frame_ID, Ball_ID, Is_Strike, Is_Spare, Is_Foul, Hit_Pin_1, Hit_Pin_2, Hit_Pin_3, Hit_Pin_4, Hit_Pin_5, Hit_Pin_6, Hit_Pin_7, Hit_Pin_8, Hit_Pin_9, Hit_Pin_10) VALUES (3, 19, 0, 0, 0, 0, 0, 0, 0, 0, 0, 0, 0, 0, 0);
INSERT INTO bowling.Roll (Frame_ID, Ball_ID, Is_Strike, Is_Spare, Is_Foul, Hit_Pin_1, Hit_Pin_2, Hit_Pin_3, Hit_Pin_4, Hit_Pin_5, Hit_Pin_6, Hit_Pin_7, Hit_Pin_8, Hit_Pin_9, Hit_Pin_10) VALUES (3, 20, 0, 0, 0, 0, 0, 0, 0, 0, 0, 0, 0, 0, 0);
INSERT INTO bowling.Roll (Frame_ID, Ball_ID, Is_Strike, Is_Spare, Is_Foul, Hit_Pin_1, Hit_Pin_2, Hit_Pin_3, Hit_Pin_4, Hit_Pin_5, Hit_Pin_6, Hit_Pin_7, Hit_Pin_8, Hit_Pin_9, Hit_Pin_10) VALUES (4, 1, 0, 0, 0, 0, 0, 0, 0, 0, 0, 0, 0, 0, 0);
INSERT INTO bowling.Roll (Frame_ID, Ball_ID, Is_Strike, Is_Spare, Is_Foul, Hit_Pin_1, Hit_Pin_2, Hit_Pin_3, Hit_Pin_4, Hit_Pin_5, Hit_Pin_6, Hit_Pin_7, Hit_Pin_8, Hit_Pin_9, Hit_Pin_10) VALUES (4, 3, 0, 0, 0, 0, 0, 0, 0, 0, 0, 0, 0, 0, 0);
INSERT INTO bowling.Roll (Frame_ID, Ball_ID, Is_Strike, Is_Spare, Is_Foul, Hit_Pin_1, Hit_Pin_2, Hit_Pin_3, Hit_Pin_4, Hit_Pin_5, Hit_Pin_6, Hit_Pin_7, Hit_Pin_8, Hit_Pin_9, Hit_Pin_10) VALUES (5, 5, 0, 0, 0, 0, 0, 0, 0, 0, 0, 0, 0, 0, 0);
INSERT INTO bowling.Roll (Frame_ID, Ball_ID, Is_Strike, Is_Spare, Is_Foul, Hit_Pin_1, Hit_Pin_2, Hit_Pin_3, Hit_Pin_4, Hit_Pin_5, Hit_Pin_6, Hit_Pin_7, Hit_Pin_8, Hit_Pin_9, Hit_Pin_10) VALUES (5, 2, 0, 0, 0, 0, 0, 0, 0, 0, 0, 0, 0, 0, 0);
INSERT INTO bowling.Roll (Frame_ID, Ball_ID, Is_Strike, Is_Spare, Is_Foul, Hit_Pin_1, Hit_Pin_2, Hit_Pin_3, Hit_Pin_4, Hit_Pin_5, Hit_Pin_6, Hit_Pin_7, Hit_Pin_8, Hit_Pin_9, Hit_Pin_10) VALUES (6, 12, 0, 0, 0, 0, 0, 0, 0, 0, 0, 0, 0, 0, 0);
INSERT INTO bowling.Roll (Frame_ID, Ball_ID, Is_Strike, Is_Spare, Is_Foul, Hit_Pin_1, Hit_Pin_2, Hit_Pin_3, Hit_Pin_4, Hit_Pin_5, Hit_Pin_6, Hit_Pin_7, Hit_Pin_8, Hit_Pin_9, Hit_Pin_10) VALUES (6, 13, 0, 0, 0, 0, 0, 0, 0, 0, 0, 0, 0, 0, 0);
INSERT INTO bowling.Roll (Frame_ID, Ball_ID, Is_Strike, Is_Spare, Is_Foul, Hit_Pin_1, Hit_Pin_2, Hit_Pin_3, Hit_Pin_4, Hit_Pin_5, Hit_Pin_6, Hit_Pin_7, Hit_Pin_8, Hit_Pin_9, Hit_Pin_10) VALUES (7, 3, 0, 0, 0, 0, 0, 0, 0, 0, 0, 0, 0, 0, 0);
INSERT INTO bowling.Roll (Frame_ID, Ball_ID, Is_Strike, Is_Spare, Is_Foul, Hit_Pin_1, Hit_Pin_2, Hit_Pin_3, Hit_Pin_4, Hit_Pin_5, Hit_Pin_6, Hit_Pin_7, Hit_Pin_8, Hit_Pin_9, Hit_Pin_10) VALUES (7, 17, 0, 0, 0, 0, 0, 0, 0, 0, 0, 0, 0, 0, 0);
INSERT INTO bowling.Roll (Frame_ID, Ball_ID, Is_Strike, Is_Spare, Is_Foul, Hit_Pin_1, Hit_Pin_2, Hit_Pin_3, Hit_Pin_4, Hit_Pin_5, Hit_Pin_6, Hit_Pin_7, Hit_Pin_8, Hit_Pin_9, Hit_Pin_10) VALUES (8, 18, 0, 0, 0, 0, 0, 0, 0, 0, 0, 0, 0, 0, 0);
INSERT INTO bowling.Roll (Frame_ID, Ball_ID, Is_Strike, Is_Spare, Is_Foul, Hit_Pin_1, Hit_Pin_2, Hit_Pin_3, Hit_Pin_4, Hit_Pin_5, Hit_Pin_6, Hit_Pin_7, Hit_Pin_8, Hit_Pin_9, Hit_Pin_10) VALUES (8, 2, 0, 0, 0, 0, 0, 0, 0, 0, 0, 0, 0, 0, 0);
INSERT INTO bowling.Roll (Frame_ID, Ball_ID, Is_Strike, Is_Spare, Is_Foul, Hit_Pin_1, Hit_Pin_2, Hit_Pin_3, Hit_Pin_4, Hit_Pin_5, Hit_Pin_6, Hit_Pin_7, Hit_Pin_8, Hit_Pin_9, Hit_Pin_10) VALUES (9, 2, 0, 0, 0, 0, 0, 0, 0, 0, 0, 0, 0, 0, 0);
INSERT INTO bowling.Roll (Frame_ID, Ball_ID, Is_Strike, Is_Spare, Is_Foul, Hit_Pin_1, Hit_Pin_2, Hit_Pin_3, Hit_Pin_4, Hit_Pin_5, Hit_Pin_6, Hit_Pin_7, Hit_Pin_8, Hit_Pin_9, Hit_Pin_10) VALUES (9, 3, 0, 0, 0, 0, 0, 0, 0, 0, 0, 0, 0, 0, 0);
INSERT INTO bowling.Roll (Frame_ID, Ball_ID, Is_Strike, Is_Spare, Is_Foul, Hit_Pin_1, Hit_Pin_2, Hit_Pin_3, Hit_Pin_4, Hit_Pin_5, Hit_Pin_6, Hit_Pin_7, Hit_Pin_8, Hit_Pin_9, Hit_Pin_10) VALUES (10, 5, 0, 0, 0, 0, 0, 0, 0, 0, 0, 0, 0, 0, 0);
INSERT INTO bowling.Roll (Frame_ID, Ball_ID, Is_Strike, Is_Spare, Is_Foul, Hit_Pin_1, Hit_Pin_2, Hit_Pin_3, Hit_Pin_4, Hit_Pin_5, Hit_Pin_6, Hit_Pin_7, Hit_Pin_8, Hit_Pin_9, Hit_Pin_10) VALUES (10, 7, 0, 0, 0, 0, 0, 0, 0, 0, 0, 0, 0, 0, 0);